event_id,label,episode_id
evt-000001,normal_baseline,
evt-000048,normal_baseline,
evt-000095,normal_baseline,
evt-000142,normal_baseline,
evt-000189,normal_baseline,
evt-000236,normal_baseline,
evt-000283,normal_baseline,
evt-000330,normal_baseline,
evt-000377,normal_baseline,
evt-000424,normal_baseline,
evt-000471,normal_baseline,
evt-000518,normal_baseline,
evt-000565,normal_baseline,
evt-000612,normal_baseline,
evt-000659,normal_baseline,
evt-000706,normal_baseline,
evt-000753,normal_baseline,
evt-000800,normal_baseline,
evt-000847,normal_baseline,
evt-000894,normal_baseline,
evt-000941,normal_baseline,
evt-000988,normal_baseline,
evt-001037,normal_baseline,
evt-001085,normal_baseline,
evt-001133,normal_baseline,
evt-001181,normal_baseline,
evt-001229,normal_baseline,
evt-001277,normal_baseline,
evt-001326,normal_baseline,
evt-001373,normal_baseline,
evt-001422,normal_baseline,
evt-001470,normal_baseline,
evt-001517,normal_baseline,
evt-001565,normal_baseline,
evt-001613,normal_baseline,
evt-001660,normal_baseline,
evt-001709,normal_baseline,
evt-001757,normal_baseline,
evt-001804,normal_baseline,
evt-001853,normal_baseline,
evt-001901,normal_baseline,
evt-001948,normal_baseline,
evt-001995,normal_baseline,
evt-002042,normal_baseline,
evt-002089,normal_baseline,
evt-002136,normal_baseline,
evt-002183,normal_baseline,
evt-002230,normal_baseline,
evt-002277,normal_baseline,
evt-002324,normal_baseline,
evt-002371,normal_baseline,
evt-002419,normal_baseline,
evt-002466,normal_baseline,
evt-002513,normal_baseline,
evt-002560,normal_baseline,
evt-002607,normal_baseline,
evt-002654,normal_baseline,
evt-002701,normal_baseline,
evt-002748,normal_baseline,
evt-002796,normal_baseline,
evt-002843,normal_baseline,
evt-002890,normal_baseline,
evt-002937,normal_baseline,
evt-002984,normal_baseline,
evt-003031,normal_baseline,
evt-003079,normal_baseline,
evt-003126,normal_baseline,
evt-003173,normal_baseline,
evt-003220,normal_baseline,
evt-003267,normal_baseline,
evt-003315,normal_baseline,
evt-003363,normal_baseline,
evt-003410,normal_baseline,
evt-003457,normal_baseline,
evt-003504,normal_baseline,
evt-003551,normal_baseline,
evt-003599,normal_baseline,
evt-003650,normal_baseline,
evt-003717,normal_baseline,
evt-003778,normal_baseline,
evt-003825,normal_baseline,
evt-003872,normal_baseline,
evt-003919,normal_baseline,
evt-003966,normal_baseline,
evt-004013,normal_baseline,
evt-004060,normal_baseline,
evt-004108,normal_baseline,
evt-004155,normal_baseline,
evt-004202,normal_baseline,
evt-004249,normal_baseline,
evt-004296,normal_baseline,
evt-004343,normal_baseline,
evt-004390,normal_baseline,
evt-004437,normal_baseline,
evt-004484,normal_baseline,
evt-004531,normal_baseline,
evt-004578,normal_baseline,
evt-004625,normal_baseline,
evt-004672,normal_baseline,
evt-004720,normal_baseline,
evt-004767,normal_baseline,
evt-004815,normal_baseline,
evt-004862,normal_baseline,
evt-004909,normal_baseline,
evt-004956,normal_baseline,
evt-005003,normal_baseline,
evt-005050,normal_baseline,
evt-005097,normal_baseline,
evt-005144,normal_baseline,
evt-005191,normal_baseline,
evt-005238,normal_baseline,
evt-005285,normal_baseline,
evt-005333,normal_baseline,
evt-005381,normal_baseline,
evt-005428,normal_baseline,
evt-005475,normal_baseline,
evt-005522,normal_baseline,
evt-005569,normal_baseline,
evt-005601,low_and_slow_exfiltration,ls-001
evt-005617,normal_baseline,
evt-005664,normal_baseline,
evt-005711,normal_baseline,
evt-005759,normal_baseline,
evt-005827,normal_baseline,
evt-005882,normal_baseline,
evt-005929,normal_baseline,
evt-005976,normal_baseline,
evt-006023,normal_baseline,
evt-006070,normal_baseline,
evt-006096,low_and_slow_exfiltration,ls-001
evt-006118,normal_baseline,
evt-006165,normal_baseline,
evt-006213,normal_baseline,
evt-006260,normal_baseline,
evt-006308,normal_baseline,
evt-006355,normal_baseline,
evt-006402,normal_baseline,
evt-006449,normal_baseline,
evt-006496,normal_baseline,
evt-006545,normal_baseline,
evt-006592,normal_baseline,
evt-006639,normal_baseline,
evt-006686,normal_baseline,
evt-006733,normal_baseline,
evt-006751,low_and_slow_exfiltration,ls-001
evt-006781,normal_baseline,
evt-006828,normal_baseline,
evt-006876,normal_baseline,
evt-006923,normal_baseline,
evt-006971,normal_baseline,
evt-007018,normal_baseline,
evt-007055,brute_force,bf-001
evt-007057,brute_force,bf-001
evt-007058,brute_force,bf-001
evt-007060,brute_force,bf-001
evt-007061,brute_force,bf-001
evt-007062,brute_force,bf-001
evt-007065,brute_force,bf-001
evt-007066,brute_force,bf-001
evt-007067,brute_force,bf-001
evt-007068,brute_force,bf-001
evt-007069,brute_force,bf-001
evt-007070,brute_force,bf-001
evt-007071,brute_force,bf-001
evt-007072,brute_force,bf-001
evt-007073,brute_force,bf-001
evt-007074,brute_force,bf-001
evt-007076,brute_force,bf-001
evt-007077,brute_force,bf-001
evt-007078,brute_force,bf-001
evt-007079,brute_force,bf-001
evt-007082,brute_force,bf-001
evt-007084,brute_force,bf-001
evt-007085,brute_force,bf-001
evt-007086,brute_force,bf-001
evt-007089,normal_baseline,
evt-007136,normal_baseline,
evt-007183,normal_baseline,
evt-007230,normal_baseline,
evt-007277,normal_baseline,
evt-007324,normal_baseline,
evt-007371,normal_baseline,
evt-007418,normal_baseline,
evt-007466,normal_baseline,
evt-007513,normal_baseline,
evt-007560,normal_baseline,
evt-007607,normal_baseline,
evt-007654,normal_baseline,
evt-007701,normal_baseline,
evt-007748,normal_baseline,
evt-007774,low_and_slow_exfiltration,ls-001
evt-007796,normal_baseline,
evt-007843,normal_baseline,
evt-007890,normal_baseline,
evt-007937,normal_baseline,
evt-007985,normal_baseline,
evt-008032,normal_baseline,
evt-008079,normal_baseline,
evt-008126,normal_baseline,
evt-008173,normal_baseline,
evt-008220,normal_baseline,
evt-008268,normal_baseline,
evt-008315,normal_baseline,
evt-008363,normal_baseline,
evt-008411,normal_baseline,
evt-008424,low_and_slow_exfiltration,ls-001
evt-008461,normal_baseline,
evt-008508,normal_baseline,
evt-008555,normal_baseline,
evt-008603,normal_baseline,
evt-008650,normal_baseline,
evt-008697,normal_baseline,
evt-008744,normal_baseline,
evt-008791,normal_baseline,
evt-008838,normal_baseline,
evt-008885,normal_baseline,
evt-008932,normal_baseline,
evt-008979,normal_baseline,
evt-009026,normal_baseline,
evt-009073,normal_baseline,
evt-009120,normal_baseline,
evt-009167,normal_baseline,
evt-009214,normal_baseline,
evt-009261,normal_baseline,
evt-009308,normal_baseline,
evt-009355,normal_baseline,
evt-009402,normal_baseline,
evt-009449,normal_baseline,
evt-009496,normal_baseline,
evt-009544,normal_baseline,
evt-009591,normal_baseline,
evt-009638,normal_baseline,
evt-009685,normal_baseline,
evt-009689,low_and_slow_exfiltration,ls-001
evt-009733,normal_baseline,
evt-009780,normal_baseline,
evt-009827,normal_baseline,
evt-009875,normal_baseline,
evt-009922,normal_baseline,
evt-009969,normal_baseline,
evt-010018,normal_baseline,
evt-010065,normal_baseline,
evt-010114,normal_baseline,
evt-010162,normal_baseline,
evt-010210,normal_baseline,
evt-010258,normal_baseline,
evt-010305,normal_baseline,
evt-010353,normal_baseline,
evt-010400,normal_baseline,
evt-010447,normal_baseline,
evt-010494,normal_baseline,
evt-010541,normal_baseline,
evt-010544,credential_stuffing,cs-001
evt-010547,credential_stuffing,cs-001
evt-010550,credential_stuffing,cs-001
evt-010551,credential_stuffing,cs-001
evt-010553,credential_stuffing,cs-001
evt-010554,credential_stuffing,cs-001
evt-010563,credential_stuffing,cs-001
evt-010564,credential_stuffing,cs-001
evt-010566,credential_stuffing,cs-001
evt-010567,credential_stuffing,cs-001
evt-010568,credential_stuffing,cs-001
evt-010569,credential_stuffing,cs-001
evt-010571,credential_stuffing,cs-001
evt-010574,credential_stuffing,cs-001
evt-010577,credential_stuffing,cs-001
evt-010578,credential_stuffing,cs-001
evt-010582,credential_stuffing,cs-001
evt-010584,credential_stuffing,cs-001
evt-010585,credential_stuffing,cs-001
evt-010588,credential_stuffing,cs-001
evt-010589,credential_stuffing,cs-001
evt-010590,credential_stuffing,cs-001
evt-010591,credential_stuffing,cs-001
evt-010592,credential_stuffing,cs-001
evt-010594,credential_stuffing,cs-001
evt-010623,normal_baseline,
evt-010705,normal_baseline,
evt-010752,normal_baseline,
evt-010799,normal_baseline,
evt-010846,normal_baseline,
evt-010894,normal_baseline,
evt-010943,normal_baseline,
evt-010990,normal_baseline,
evt-011037,normal_baseline,
evt-011084,normal_baseline,
evt-011131,normal_baseline,
evt-011178,normal_baseline,
evt-011225,normal_baseline,
evt-011259,low_and_slow_exfiltration,ls-001
evt-011273,normal_baseline,
evt-011320,normal_baseline,
evt-011367,normal_baseline,
evt-011414,normal_baseline,
evt-011462,normal_baseline,
evt-011509,normal_baseline,
evt-011556,normal_baseline,
evt-011603,normal_baseline,
evt-011650,normal_baseline,
evt-011697,normal_baseline,
evt-011745,normal_baseline,
evt-011794,normal_baseline,
evt-011841,normal_baseline,
evt-011858,low_and_slow_exfiltration,ls-001
evt-011889,normal_baseline,
evt-011937,normal_baseline,
evt-011985,normal_baseline,
evt-012032,normal_baseline,
evt-012079,normal_baseline,
evt-012126,normal_baseline,
evt-012173,normal_baseline,
evt-012220,normal_baseline,
evt-012268,normal_baseline,
evt-012316,normal_baseline,
evt-012365,normal_baseline,
evt-012412,normal_baseline,
evt-012459,normal_baseline,
evt-012507,normal_baseline,
evt-012555,normal_baseline,
evt-012602,normal_baseline,
evt-012649,normal_baseline,
evt-012697,normal_baseline,
evt-012746,normal_baseline,
evt-012793,normal_baseline,
evt-012840,normal_baseline,
evt-012888,normal_baseline,
evt-012936,normal_baseline,
evt-012983,normal_baseline,
evt-013030,normal_baseline,
evt-013077,normal_baseline,
evt-013124,normal_baseline,
evt-013171,normal_baseline,
evt-013218,normal_baseline,
evt-013252,low_and_slow_exfiltration,ls-001
evt-013266,normal_baseline,
evt-013314,normal_baseline,
evt-013362,normal_baseline,
evt-013409,normal_baseline,
evt-013457,normal_baseline,
evt-013531,normal_baseline,
evt-013578,normal_baseline,
evt-013626,normal_baseline,
evt-013674,normal_baseline,
evt-013721,normal_baseline,
evt-013771,normal_baseline,
evt-013821,normal_baseline,
evt-013868,normal_baseline,
evt-013915,normal_baseline,
evt-013962,normal_baseline,
evt-014009,normal_baseline,
evt-014057,normal_baseline,
evt-014104,normal_baseline,
evt-014151,normal_baseline,
evt-014198,normal_baseline,
evt-014248,normal_baseline,
evt-014296,normal_baseline,
evt-014345,normal_baseline,
evt-014394,normal_baseline,
evt-014441,normal_baseline,
evt-014490,normal_baseline,
evt-014538,normal_baseline,
evt-014585,normal_baseline,
evt-014632,normal_baseline,
evt-014667,low_and_slow_exfiltration,ls-001
evt-014681,normal_baseline,
evt-014730,normal_baseline,
evt-014780,normal_baseline,
evt-014828,normal_baseline,
evt-014876,normal_baseline,
evt-014923,normal_baseline,
evt-014971,normal_baseline,
evt-015018,normal_baseline,
evt-015067,normal_baseline,
evt-015114,normal_baseline,
evt-015164,normal_baseline,
evt-015212,normal_baseline,
evt-015259,normal_baseline,
evt-015270,low_and_slow_exfiltration,ls-001
evt-015307,normal_baseline,
evt-015354,normal_baseline,
evt-015401,normal_baseline,
evt-015449,normal_baseline,
evt-015496,normal_baseline,
evt-015543,normal_baseline,
evt-015590,normal_baseline,
evt-015637,normal_baseline,
evt-015684,normal_baseline,
evt-015731,normal_baseline,
evt-015780,normal_baseline,
evt-015827,normal_baseline,
evt-015874,normal_baseline,
evt-015921,normal_baseline,
evt-015969,normal_baseline,
evt-016016,normal_baseline,
evt-016063,normal_baseline,
evt-016110,normal_baseline,
evt-016157,normal_baseline,
evt-016205,normal_baseline,
evt-016252,normal_baseline,
evt-016303,normal_baseline,
evt-016352,normal_baseline,
evt-016401,normal_baseline,
evt-016449,normal_baseline,
evt-016498,normal_baseline,
evt-016535,low_and_slow_exfiltration,ls-001
evt-016546,normal_baseline,
evt-016594,normal_baseline,
evt-016641,normal_baseline,
evt-016691,normal_baseline,
evt-016739,normal_baseline,
evt-016786,normal_baseline,
evt-016834,normal_baseline,
evt-016882,normal_baseline,
evt-016929,normal_baseline,
evt-016976,normal_baseline,
evt-017024,normal_baseline,
evt-017071,normal_baseline,
evt-017118,normal_baseline,
evt-017165,normal_baseline,
evt-017212,normal_baseline,
evt-017259,normal_baseline,
evt-017306,normal_baseline,
evt-017354,normal_baseline,
evt-017401,normal_baseline,
evt-017448,normal_baseline,
evt-017495,normal_baseline,
evt-017542,normal_baseline,
evt-017589,normal_baseline,
evt-017636,normal_baseline,
evt-017683,normal_baseline,
evt-017731,normal_baseline,
evt-017778,normal_baseline,
evt-017826,normal_baseline,
evt-017873,normal_baseline,
evt-017920,normal_baseline,
evt-017967,normal_baseline,
evt-018014,normal_baseline,
evt-018061,normal_baseline,
evt-018091,low_and_slow_exfiltration,ls-001
evt-018109,normal_baseline,
evt-018156,normal_baseline,
evt-018240,normal_baseline,
evt-018330,normal_baseline,
evt-018387,normal_baseline,
evt-018434,normal_baseline,
evt-018483,normal_baseline,
evt-018531,normal_baseline,
evt-018578,normal_baseline,
evt-018625,normal_baseline,
evt-018673,normal_baseline,
evt-018720,normal_baseline,
evt-018767,normal_baseline,
evt-018814,normal_baseline,
evt-018820,low_and_slow_exfiltration,ls-001
evt-018862,normal_baseline,
evt-018909,normal_baseline,
evt-018957,normal_baseline,
evt-018961,insider_drift,id-001
evt-019005,normal_baseline,
evt-019053,normal_baseline,
evt-019100,normal_baseline,
evt-019147,normal_baseline,
evt-019195,normal_baseline,
evt-019242,normal_baseline,
evt-019290,normal_baseline,
evt-019338,normal_baseline,
evt-019388,normal_baseline,
evt-019435,normal_baseline,
evt-019482,normal_baseline,
evt-019529,normal_baseline,
evt-019576,normal_baseline,
evt-019623,normal_baseline,
evt-019670,normal_baseline,
evt-019717,normal_baseline,
evt-019755,insider_drift,id-001
evt-019765,normal_baseline,
evt-019812,normal_baseline,
evt-019860,normal_baseline,
evt-019908,normal_baseline,
evt-019958,normal_baseline,
evt-020005,normal_baseline,
evt-020033,low_and_slow_exfiltration,ls-001
evt-020053,normal_baseline,
evt-020101,normal_baseline,
evt-020149,normal_baseline,
evt-020196,normal_baseline,
evt-020244,normal_baseline,
evt-020291,normal_baseline,
evt-020339,normal_baseline,
evt-020386,normal_baseline,
evt-020433,normal_baseline,
evt-020480,normal_baseline,
evt-020528,normal_baseline,
evt-020568,impossible_travel,it-004
evt-020577,normal_baseline,
evt-020624,normal_baseline,
evt-020671,normal_baseline,
evt-020718,normal_baseline,
evt-020765,normal_baseline,
evt-020812,normal_baseline,
evt-020869,normal_baseline,
evt-020918,normal_baseline,
evt-020965,normal_baseline,
evt-021012,normal_baseline,
evt-021059,normal_baseline,
evt-021106,normal_baseline,
evt-021153,normal_baseline,
evt-021200,normal_baseline,
evt-021248,normal_baseline,
evt-021295,normal_baseline,
evt-021303,device_spoofing,ds-002
evt-021343,normal_baseline,
evt-021390,normal_baseline,
evt-021393,device_spoofing,ds-002
evt-021439,normal_baseline,
evt-021487,normal_baseline,
evt-021509,device_spoofing,ds-002
evt-021537,normal_baseline,
evt-021552,device_spoofing,ds-002
evt-021581,low_and_slow_exfiltration,ls-001
evt-021589,normal_baseline,
evt-021637,normal_baseline,
evt-021668,device_spoofing,ds-002
evt-021688,normal_baseline,
evt-021728,device_spoofing,ds-002
evt-021741,normal_baseline,
evt-021789,normal_baseline,
evt-021839,normal_baseline,
evt-021845,device_spoofing,ds-002
evt-021889,normal_baseline,
evt-021936,normal_baseline,
evt-021983,normal_baseline,
evt-022030,normal_baseline,
evt-022077,normal_baseline,
evt-022126,normal_baseline,
evt-022173,normal_baseline,
evt-022220,normal_baseline,
evt-022249,low_and_slow_exfiltration,ls-001
evt-022268,normal_baseline,
evt-022315,normal_baseline,
evt-022364,normal_baseline,
evt-022411,normal_baseline,
evt-022458,normal_baseline,
evt-022505,normal_baseline,
evt-022552,normal_baseline,
evt-022599,normal_baseline,
evt-022646,normal_baseline,
evt-022693,normal_baseline,
evt-022741,normal_baseline,
evt-022788,normal_baseline,
evt-022835,normal_baseline,
evt-022883,normal_baseline,
evt-022930,normal_baseline,
evt-022977,normal_baseline,
evt-023025,normal_baseline,
evt-023073,normal_baseline,
evt-023121,normal_baseline,
evt-023168,normal_baseline,
evt-023215,normal_baseline,
evt-023264,normal_baseline,
evt-023312,normal_baseline,
evt-023359,normal_baseline,
evt-023407,normal_baseline,
evt-023455,normal_baseline,
evt-023510,normal_baseline,
evt-023558,low_and_slow_exfiltration,ls-001
evt-023571,normal_baseline,
evt-023618,normal_baseline,
evt-023668,normal_baseline,
evt-023717,normal_baseline,
evt-023768,normal_baseline,
evt-023816,normal_baseline,
evt-023866,normal_baseline,
evt-023915,normal_baseline,
evt-023964,normal_baseline,
evt-024012,normal_baseline,
evt-024060,normal_baseline,
evt-024109,normal_baseline,
evt-024157,normal_baseline,
evt-024204,normal_baseline,
evt-024252,normal_baseline,
evt-024299,normal_baseline,
evt-024346,normal_baseline,
evt-024395,normal_baseline,
evt-024443,normal_baseline,
evt-024490,normal_baseline,
evt-024539,normal_baseline,
evt-024587,normal_baseline,
evt-024634,normal_baseline,
evt-024681,normal_baseline,
evt-024728,normal_baseline,
evt-024775,normal_baseline,
evt-024822,normal_baseline,
evt-024869,normal_baseline,
evt-024918,low_and_slow_exfiltration,ls-001
evt-024919,normal_baseline,
evt-024966,normal_baseline,
evt-025013,normal_baseline,
evt-025061,normal_baseline,
evt-025108,normal_baseline,
evt-025156,normal_baseline,
evt-025203,normal_baseline,
evt-025251,normal_baseline,
evt-025299,normal_baseline,
evt-025333,low_and_slow_exfiltration,ls-001
evt-025349,normal_baseline,
evt-025398,normal_baseline,
evt-025447,normal_baseline,
evt-025496,normal_baseline,
evt-025504,insider_drift,id-001
evt-025544,normal_baseline,
evt-025549,insider_drift,id-001
evt-025592,normal_baseline,
evt-025640,normal_baseline,
evt-025688,normal_baseline,
evt-025735,normal_baseline,
evt-025783,normal_baseline,
evt-025830,normal_baseline,
evt-025878,normal_baseline,
evt-025925,normal_baseline,
evt-025933,low_and_slow_exfiltration,ls-001
evt-025975,normal_baseline,
evt-026023,normal_baseline,
evt-026070,normal_baseline,
evt-026117,normal_baseline,
evt-026165,normal_baseline,
evt-026213,normal_baseline,
evt-026261,normal_baseline,
evt-026309,normal_baseline,
evt-026356,normal_baseline,
evt-026403,normal_baseline,
evt-026450,normal_baseline,
evt-026497,normal_baseline,
evt-026545,normal_baseline,
evt-026592,normal_baseline,
evt-026639,normal_baseline,
evt-026688,normal_baseline,
evt-026735,normal_baseline,
evt-026782,normal_baseline,
evt-026829,normal_baseline,
evt-026876,normal_baseline,
evt-026923,normal_baseline,
evt-026971,normal_baseline,
evt-026996,low_and_slow_exfiltration,ls-001
evt-027020,normal_baseline,
evt-027067,normal_baseline,
evt-027114,normal_baseline,
evt-027162,normal_baseline,
evt-027209,normal_baseline,
evt-027258,normal_baseline,
evt-027305,normal_baseline,
evt-027353,normal_baseline,
evt-027400,normal_baseline,
evt-027444,low_and_slow_exfiltration,ls-001
evt-027450,normal_baseline,
evt-027498,normal_baseline,
evt-027545,normal_baseline,
evt-027592,normal_baseline,
evt-027639,normal_baseline,
evt-027658,insider_drift,id-001
evt-027687,normal_baseline,
evt-027734,normal_baseline,
evt-027782,normal_baseline,
evt-027831,normal_baseline,
evt-027879,normal_baseline,
evt-027927,normal_baseline,
evt-027974,normal_baseline,
evt-028023,normal_baseline,
evt-028027,low_and_slow_exfiltration,ls-001
evt-028072,normal_baseline,
evt-028119,normal_baseline,
evt-028166,normal_baseline,
evt-028215,normal_baseline,
evt-028262,normal_baseline,
evt-028309,normal_baseline,
evt-028356,normal_baseline,
evt-028404,normal_baseline,
evt-028451,normal_baseline,
evt-028499,normal_baseline,
evt-028547,normal_baseline,
evt-028594,normal_baseline,
evt-028642,normal_baseline,
evt-028689,normal_baseline,
evt-028737,normal_baseline,
evt-028785,normal_baseline,
evt-028832,normal_baseline,
evt-028880,normal_baseline,
evt-028927,normal_baseline,
evt-028974,normal_baseline,
evt-029022,normal_baseline,
evt-029069,normal_baseline,
evt-029118,normal_baseline,
evt-029135,low_and_slow_exfiltration,ls-001
evt-029167,normal_baseline,
evt-029215,normal_baseline,
evt-029263,normal_baseline,
evt-029311,normal_baseline,
evt-029360,normal_baseline,
evt-029407,normal_baseline,
evt-029455,normal_baseline,
evt-029503,normal_baseline,
evt-029553,normal_baseline,
evt-029602,normal_baseline,
evt-029651,normal_baseline,
evt-029672,insider_drift,id-001
evt-029699,normal_baseline,
evt-029749,normal_baseline,
evt-029798,normal_baseline,
evt-029845,normal_baseline,
evt-029894,normal_baseline,
evt-029941,normal_baseline,
evt-029989,normal_baseline,
evt-030036,normal_baseline,
evt-030083,normal_baseline,
evt-030130,normal_baseline,
evt-030177,normal_baseline,
evt-030225,normal_baseline,
evt-030273,normal_baseline,
evt-030321,normal_baseline,
evt-030368,normal_baseline,
evt-030415,normal_baseline,
evt-030462,normal_baseline,
evt-030509,normal_baseline,
evt-030558,normal_baseline,
evt-030608,normal_baseline,
evt-030657,normal_baseline,
evt-030705,normal_baseline,
evt-030755,normal_baseline,
evt-030802,normal_baseline,
evt-030850,normal_baseline,
evt-030899,normal_baseline,
evt-030946,normal_baseline,
evt-030995,normal_baseline,
evt-031043,normal_baseline,
evt-031090,normal_baseline,
evt-031117,insider_drift,id-001
evt-031154,normal_baseline,
evt-031202,normal_baseline,
evt-031250,normal_baseline,
evt-031297,normal_baseline,
evt-031345,normal_baseline,
evt-031392,normal_baseline,
evt-031439,normal_baseline,
evt-031487,normal_baseline,
evt-031534,normal_baseline,
evt-031582,normal_baseline,
evt-031629,normal_baseline,
evt-031679,normal_baseline,
evt-031729,normal_baseline,
evt-031778,normal_baseline,
evt-031827,normal_baseline,
evt-031875,normal_baseline,
evt-031926,normal_baseline,
evt-031975,normal_baseline,
evt-032023,normal_baseline,
evt-032072,normal_baseline,
evt-032120,normal_baseline,
evt-032168,normal_baseline,
evt-032215,normal_baseline,
evt-032263,normal_baseline,
evt-032311,normal_baseline,
evt-032358,normal_baseline,
evt-032405,normal_baseline,
evt-032452,normal_baseline,
evt-032499,normal_baseline,
evt-032547,normal_baseline,
evt-032594,normal_baseline,
evt-032643,normal_baseline,
evt-032691,normal_baseline,
evt-032739,normal_baseline,
evt-032787,normal_baseline,
evt-032834,normal_baseline,
evt-032881,normal_baseline,
evt-032929,normal_baseline,
evt-032977,normal_baseline,
evt-033024,normal_baseline,
evt-033072,normal_baseline,
evt-033119,normal_baseline,
evt-033166,normal_baseline,
evt-033215,normal_baseline,
evt-033263,normal_baseline,
evt-033310,normal_baseline,
evt-033358,normal_baseline,
evt-033407,normal_baseline,
evt-033456,normal_baseline,
evt-033504,normal_baseline,
evt-033552,normal_baseline,
evt-033592,insider_drift,id-001
evt-033600,normal_baseline,
evt-033648,normal_baseline,
evt-033696,normal_baseline,
evt-033744,normal_baseline,
evt-033791,normal_baseline,
evt-033830,insider_drift,id-001
evt-033839,normal_baseline,
evt-033887,normal_baseline,
evt-033936,normal_baseline,
evt-033951,insider_drift,id-001
evt-033984,normal_baseline,
evt-034032,normal_baseline,
evt-034079,normal_baseline,
evt-034130,normal_baseline,
evt-034178,normal_baseline,
evt-034226,normal_baseline,
evt-034275,normal_baseline,
evt-034324,normal_baseline,
evt-034372,normal_baseline,
evt-034419,normal_baseline,
evt-034467,normal_baseline,
evt-034514,normal_baseline,
evt-034564,normal_baseline,
evt-034612,normal_baseline,
evt-034661,normal_baseline,
evt-034708,normal_baseline,
evt-034758,normal_baseline,
evt-034808,normal_baseline,
evt-034856,normal_baseline,
evt-034904,normal_baseline,
evt-034953,normal_baseline,
evt-035004,normal_baseline,
evt-035051,normal_baseline,
evt-035101,normal_baseline,
evt-035149,normal_baseline,
evt-035198,normal_baseline,
evt-035247,normal_baseline,
evt-035295,normal_baseline,
evt-035345,normal_baseline,
evt-035392,normal_baseline,
evt-035441,normal_baseline,
evt-035489,normal_baseline,
evt-035536,normal_baseline,
evt-035585,normal_baseline,
evt-035633,normal_baseline,
evt-035685,normal_baseline,
evt-035733,normal_baseline,
evt-035781,normal_baseline,
evt-035830,normal_baseline,
evt-035878,normal_baseline,
evt-035927,normal_baseline,
evt-035953,insider_drift,id-001
evt-035978,normal_baseline,
evt-036027,normal_baseline,
evt-036075,normal_baseline,
evt-036122,normal_baseline,
evt-036170,normal_baseline,
evt-036217,normal_baseline,
evt-036265,normal_baseline,
evt-036312,normal_baseline,
evt-036360,normal_baseline,
evt-036407,normal_baseline,
evt-036456,normal_baseline,
evt-036507,normal_baseline,
evt-036554,normal_baseline,
evt-036604,normal_baseline,
evt-036652,normal_baseline,
evt-036702,normal_baseline,
evt-036749,normal_baseline,
evt-036799,normal_baseline,
evt-036846,normal_baseline,
evt-036893,normal_baseline,
evt-036941,normal_baseline,
evt-036988,normal_baseline,
evt-037037,normal_baseline,
evt-037085,normal_baseline,
evt-037135,normal_baseline,
evt-037184,normal_baseline,
evt-037189,insider_drift,id-001
evt-037234,normal_baseline,
evt-037282,normal_baseline,
evt-037297,insider_drift,id-001
evt-037332,normal_baseline,
evt-037379,normal_baseline,
evt-037427,normal_baseline,
evt-037475,normal_baseline,
evt-037524,normal_baseline,
evt-037571,normal_baseline,
evt-037618,normal_baseline,
evt-037668,normal_baseline,
evt-037716,normal_baseline,
evt-037766,normal_baseline,
evt-037814,normal_baseline,
evt-037862,normal_baseline,
evt-037910,normal_baseline,
evt-037932,insider_drift,id-001
evt-037959,normal_baseline,
evt-038006,normal_baseline,
evt-038053,normal_baseline,
evt-038100,normal_baseline,
evt-038148,normal_baseline,
evt-038197,normal_baseline,
evt-038246,normal_baseline,
evt-038295,normal_baseline,
evt-038343,normal_baseline,
evt-038391,normal_baseline,
evt-038438,normal_baseline,
evt-038487,normal_baseline,
evt-038537,normal_baseline,
evt-038584,normal_baseline,
evt-038633,normal_baseline,
evt-038680,normal_baseline,
evt-038729,normal_baseline,
evt-038778,normal_baseline,
evt-038828,normal_baseline,
evt-038877,normal_baseline,
evt-038925,normal_baseline,
evt-038973,normal_baseline,
evt-039022,normal_baseline,
evt-039069,normal_baseline,
evt-039141,normal_baseline,
evt-039188,normal_baseline,
evt-039235,normal_baseline,
evt-039282,normal_baseline,
evt-039329,normal_baseline,
evt-039377,normal_baseline,
evt-039426,normal_baseline,
evt-039473,normal_baseline,
evt-039520,normal_baseline,
evt-039568,normal_baseline,
evt-039616,normal_baseline,
evt-039664,normal_baseline,
evt-039712,normal_baseline,
evt-039760,normal_baseline,
evt-039807,normal_baseline,
evt-039855,normal_baseline,
evt-039903,normal_baseline,
evt-039939,insider_drift,id-001
evt-039952,normal_baseline,
evt-040000,normal_baseline,
evt-040048,normal_baseline,
evt-040096,normal_baseline,
evt-040143,normal_baseline,
evt-040191,normal_baseline,
evt-040238,normal_baseline,
evt-040285,normal_baseline,
evt-040332,normal_baseline,
evt-040380,normal_baseline,
evt-040402,insider_drift,id-001
evt-040428,normal_baseline,
evt-040476,normal_baseline,
evt-040523,normal_baseline,
evt-040570,normal_baseline,
evt-040619,normal_baseline,
evt-040667,normal_baseline,
evt-040716,normal_baseline,
evt-040764,normal_baseline,
evt-040815,normal_baseline,
evt-040864,normal_baseline,
evt-040912,normal_baseline,
evt-040960,normal_baseline,
evt-041008,normal_baseline,
evt-041058,normal_baseline,
evt-041106,normal_baseline,
evt-041140,insider_drift,id-001
evt-041157,normal_baseline,
evt-041205,normal_baseline,
evt-041252,normal_baseline,
evt-041301,normal_baseline,
evt-041351,normal_baseline,
evt-041399,normal_baseline,
evt-041433,insider_drift,id-001
evt-041450,normal_baseline,
evt-041497,normal_baseline,
evt-041544,normal_baseline,
evt-041591,normal_baseline,
evt-041596,insider_drift,id-001
evt-041642,normal_baseline,
evt-041650,insider_drift,id-001
evt-041692,normal_baseline,
evt-041740,normal_baseline,
evt-041779,insider_drift,id-001
evt-041789,normal_baseline,
evt-041837,normal_baseline,
evt-041886,normal_baseline,
evt-041935,normal_baseline,
evt-041984,normal_baseline,
evt-042032,normal_baseline,
evt-042084,normal_baseline,
evt-042132,normal_baseline,
evt-042180,normal_baseline,
evt-042230,normal_baseline,
evt-042238,impossible_travel,it-006
evt-042278,normal_baseline,
evt-042319,impossible_travel,it-006
evt-042327,normal_baseline,
evt-042375,normal_baseline,
evt-042424,normal_baseline,
evt-042473,normal_baseline,
evt-042522,normal_baseline,
evt-042569,normal_baseline,
evt-042617,normal_baseline,
evt-042664,normal_baseline,
evt-042712,normal_baseline,
evt-042759,normal_baseline,
evt-042809,normal_baseline,
evt-042857,normal_baseline,
evt-042904,normal_baseline,
evt-042951,normal_baseline,
evt-042999,normal_baseline,
evt-043046,normal_baseline,
evt-043094,normal_baseline,
evt-043142,normal_baseline,
evt-043189,normal_baseline,
evt-043236,normal_baseline,
evt-043284,normal_baseline,
evt-043332,normal_baseline,
evt-043379,normal_baseline,
evt-043427,normal_baseline,
evt-043450,normal_baseline,id-001
evt-043475,normal_baseline,
evt-043517,normal_baseline,id-001
evt-043526,normal_baseline,
evt-043574,normal_baseline,
evt-043622,normal_baseline,
evt-043670,normal_baseline,
evt-043720,normal_baseline,
evt-043769,normal_baseline,
evt-043818,normal_baseline,
evt-043866,normal_baseline,
evt-043913,normal_baseline,
evt-043960,normal_baseline,
evt-044007,normal_baseline,
evt-044056,normal_baseline,
evt-044103,normal_baseline,
evt-044151,normal_baseline,
evt-044201,normal_baseline,
evt-044250,normal_baseline,
evt-044298,normal_baseline,
evt-044347,normal_baseline,
evt-044352,normal_baseline,id-001
evt-044380,normal_baseline,id-001
evt-044394,normal_baseline,
evt-044441,normal_baseline,
evt-044457,lateral_movement,lm-001
evt-044490,normal_baseline,
evt-044540,normal_baseline,
evt-044548,lateral_movement,lm-001
evt-044593,normal_baseline,
evt-044642,normal_baseline,
evt-044662,lateral_movement,lm-001
evt-044709,normal_baseline,
evt-044726,lateral_movement,lm-001
evt-044760,normal_baseline,
evt-044809,normal_baseline,
evt-044829,lateral_movement,lm-001
evt-044859,normal_baseline,
evt-044907,normal_baseline,
evt-044957,normal_baseline,
evt-044970,lateral_movement,lm-001
evt-045004,lateral_movement,lm-001
evt-045007,normal_baseline,
evt-045032,lateral_movement,lm-001
evt-045046,lateral_movement,lm-001
evt-045059,normal_baseline,
evt-045067,lateral_movement,lm-001
evt-045110,normal_baseline,
evt-045158,normal_baseline,
evt-045207,normal_baseline,
evt-045258,normal_baseline,
evt-045308,normal_baseline,
evt-045355,normal_baseline,
evt-045403,normal_baseline,
evt-045451,normal_baseline,
evt-045500,normal_baseline,
evt-045549,normal_baseline,
evt-045598,normal_baseline,
evt-045646,normal_baseline,
evt-045695,normal_baseline,
evt-045743,normal_baseline,
evt-045790,normal_baseline,
evt-045837,normal_baseline,
evt-045884,normal_baseline,
evt-045931,normal_baseline,
evt-045978,normal_baseline,
evt-046025,normal_baseline,
evt-046073,normal_baseline,
evt-046120,normal_baseline,
evt-046167,normal_baseline,
evt-046214,normal_baseline,
evt-046262,normal_baseline,
evt-046310,normal_baseline,
evt-046359,normal_baseline,
evt-046406,normal_baseline,
evt-046453,normal_baseline,
evt-046500,normal_baseline,
evt-046548,normal_baseline,
evt-046595,normal_baseline,
evt-046643,normal_baseline,
evt-046691,normal_baseline,
evt-046738,normal_baseline,
evt-046785,normal_baseline,
evt-046832,normal_baseline,
evt-046879,normal_baseline,
evt-046926,normal_baseline,
evt-046973,normal_baseline,
evt-047022,normal_baseline,
evt-047069,normal_baseline,
evt-047116,normal_baseline,
evt-047164,normal_baseline,
evt-047212,normal_baseline,
evt-047261,normal_baseline,
evt-047309,normal_baseline,
evt-047356,normal_baseline,
evt-047403,normal_baseline,
evt-047451,normal_baseline,
evt-047498,normal_baseline,
evt-047545,normal_baseline,
evt-047592,normal_baseline,
evt-047640,normal_baseline,
evt-047688,normal_baseline,
evt-047735,normal_baseline,
evt-047784,normal_baseline,
evt-047832,normal_baseline,
evt-047879,normal_baseline,
evt-047926,normal_baseline,
evt-047973,normal_baseline,
evt-048020,normal_baseline,
evt-048067,normal_baseline,
evt-048115,normal_baseline,
evt-048162,normal_baseline,
evt-048209,normal_baseline,
evt-048258,normal_baseline,
evt-048305,normal_baseline,
evt-048353,normal_baseline,
evt-048400,normal_baseline,
evt-048447,normal_baseline,
evt-048494,normal_baseline,
evt-048542,normal_baseline,
evt-048589,normal_baseline,
evt-048639,normal_baseline,
evt-048688,normal_baseline,
evt-048739,normal_baseline,
evt-048789,normal_baseline,
evt-048837,normal_baseline,
evt-048885,normal_baseline,
evt-048932,normal_baseline,
evt-048979,normal_baseline,
evt-049026,normal_baseline,
evt-049074,normal_baseline,
evt-049141,normal_baseline,
evt-049188,normal_baseline,
evt-049235,normal_baseline,
evt-049282,normal_baseline,
evt-049329,normal_baseline,
evt-049378,normal_baseline,
evt-049427,normal_baseline,
evt-049486,normal_baseline,
evt-049534,normal_baseline,
evt-049582,normal_baseline,
evt-049630,normal_baseline,
evt-049677,normal_baseline,
evt-049725,normal_baseline,
evt-049773,normal_baseline,
evt-049820,normal_baseline,
evt-049887,normal_baseline,
evt-049946,normal_baseline,
evt-049999,normal_baseline,
evt-050047,normal_baseline,
evt-050094,normal_baseline,
evt-050142,normal_baseline,
evt-050189,normal_baseline,
evt-050236,normal_baseline,
evt-050283,normal_baseline,
evt-050330,normal_baseline,
evt-050377,normal_baseline,
evt-050425,normal_baseline,
evt-050473,normal_baseline,
evt-050521,normal_baseline,
evt-050570,normal_baseline,
evt-050618,normal_baseline,
evt-050665,normal_baseline,
evt-050715,normal_baseline,
evt-050763,normal_baseline,
evt-050810,normal_baseline,
evt-050857,normal_baseline,
evt-050904,normal_baseline,
evt-050952,normal_baseline,
evt-050999,normal_baseline,
evt-051047,normal_baseline,
evt-051095,normal_baseline,
evt-051143,normal_baseline,
evt-051192,normal_baseline,
evt-051239,normal_baseline,
evt-051286,normal_baseline,
evt-051333,normal_baseline,
evt-051382,normal_baseline,
evt-051429,normal_baseline,
evt-051476,normal_baseline,
evt-051524,normal_baseline,
evt-051571,normal_baseline,
evt-051620,normal_baseline,
evt-051668,normal_baseline,
evt-051715,normal_baseline,
evt-051765,normal_baseline,
evt-051813,normal_baseline,
evt-051860,normal_baseline,
evt-051907,normal_baseline,
evt-051954,normal_baseline,
evt-052001,normal_baseline,
evt-052049,normal_baseline,
evt-052096,normal_baseline,
evt-052145,normal_baseline,
evt-052193,normal_baseline,
evt-052241,normal_baseline,
evt-052289,normal_baseline,
evt-052337,normal_baseline,
evt-052384,normal_baseline,
evt-052431,normal_baseline,
evt-052479,normal_baseline,
evt-052526,normal_baseline,
evt-052575,normal_baseline,
evt-052622,normal_baseline,
evt-052670,normal_baseline,
evt-052719,normal_baseline,
evt-052766,normal_baseline,
evt-052813,normal_baseline,
evt-052860,normal_baseline,
evt-052908,normal_baseline,
evt-052957,normal_baseline,
evt-053004,normal_baseline,
evt-053052,normal_baseline,
evt-053099,normal_baseline,
evt-053149,normal_baseline,
evt-053197,normal_baseline,
evt-053244,normal_baseline,
evt-053295,normal_baseline,
evt-053342,normal_baseline,
evt-053390,normal_baseline,
evt-053438,normal_baseline,
evt-053487,normal_baseline,
evt-053534,normal_baseline,
evt-053581,normal_baseline,
evt-053628,normal_baseline,
evt-053675,normal_baseline,
evt-053722,normal_baseline,
evt-053769,normal_baseline,
evt-053817,normal_baseline,
evt-053864,normal_baseline,
evt-053911,normal_baseline,
evt-053960,normal_baseline,
evt-054008,normal_baseline,
evt-054056,normal_baseline,
evt-054103,normal_baseline,
evt-054151,normal_baseline,
evt-054198,normal_baseline,
evt-054246,normal_baseline,
evt-054293,normal_baseline,
evt-054340,normal_baseline,
evt-054388,normal_baseline,
evt-054438,normal_baseline,
evt-054487,normal_baseline,
evt-054537,normal_baseline,
evt-054585,normal_baseline,
evt-054633,normal_baseline,
evt-054680,normal_baseline,
evt-054728,normal_baseline,
evt-054775,normal_baseline,
evt-054823,normal_baseline,
evt-054870,normal_baseline,
evt-054918,normal_baseline,
evt-054966,normal_baseline,
evt-055016,normal_baseline,
evt-055064,normal_baseline,
evt-055112,normal_baseline,
evt-055160,normal_baseline,
evt-055207,normal_baseline,
evt-055256,normal_baseline,
evt-055303,normal_baseline,
evt-055350,normal_baseline,
evt-055397,normal_baseline,
evt-055444,normal_baseline,
evt-055491,normal_baseline,
evt-055539,normal_baseline,
evt-055588,normal_baseline,
evt-055637,normal_baseline,
evt-055686,normal_baseline,
evt-055735,normal_baseline,
evt-055783,normal_baseline,
evt-055831,normal_baseline,
evt-055879,normal_baseline,
evt-055939,normal_baseline,
evt-055995,normal_baseline,
evt-056043,normal_baseline,
evt-056091,normal_baseline,
evt-056143,normal_baseline,
evt-056190,normal_baseline,
evt-056238,normal_baseline,
evt-056286,normal_baseline,
evt-056334,normal_baseline,
evt-056382,normal_baseline,
evt-056430,normal_baseline,
evt-056477,normal_baseline,
evt-056525,normal_baseline,
evt-056572,normal_baseline,
evt-056620,normal_baseline,
evt-056669,normal_baseline,
evt-056716,normal_baseline,
evt-056764,normal_baseline,
evt-056812,normal_baseline,
evt-056861,normal_baseline,
evt-056908,normal_baseline,
evt-056955,normal_baseline,
evt-057002,normal_baseline,
evt-057049,normal_baseline,
evt-057096,normal_baseline,
evt-057144,normal_baseline,
evt-057191,normal_baseline,
evt-057239,normal_baseline,
evt-057288,normal_baseline,
evt-057335,normal_baseline,
evt-057382,normal_baseline,
evt-057430,normal_baseline,
evt-057478,normal_baseline,
evt-057525,normal_baseline,
evt-057572,normal_baseline,
evt-057619,normal_baseline,
evt-057666,normal_baseline,
evt-057713,normal_baseline,
evt-057761,normal_baseline,
evt-057809,normal_baseline,
evt-057857,normal_baseline,
evt-057904,normal_baseline,
evt-057951,normal_baseline,
evt-057999,normal_baseline,
evt-058047,normal_baseline,
evt-058096,normal_baseline,
evt-058143,normal_baseline,
evt-058190,normal_baseline,
evt-058239,normal_baseline,
evt-058287,normal_baseline,
evt-058334,normal_baseline,
evt-058382,normal_baseline,
evt-058429,normal_baseline,
evt-058476,normal_baseline,
evt-058524,normal_baseline,
evt-058573,normal_baseline,
evt-058624,normal_baseline,
evt-058671,normal_baseline,
evt-058718,normal_baseline,
evt-058766,normal_baseline,
evt-058815,normal_baseline,
evt-058864,normal_baseline,
evt-058911,normal_baseline,
evt-058960,normal_baseline,
evt-059007,normal_baseline,
evt-059054,normal_baseline,
evt-059103,normal_baseline,
evt-059151,normal_baseline,
evt-059198,normal_baseline,
evt-059248,normal_baseline,
evt-059296,normal_baseline,
evt-059344,normal_baseline,
evt-059392,normal_baseline,
evt-059442,normal_baseline,
evt-059489,normal_baseline,
evt-059537,normal_baseline,
evt-059584,normal_baseline,
evt-059632,normal_baseline,
evt-059679,normal_baseline,
evt-059726,normal_baseline,
evt-059774,normal_baseline,
evt-059821,normal_baseline,
evt-059868,normal_baseline,
evt-059915,normal_baseline,
evt-059964,normal_baseline,
evt-060013,normal_baseline,
evt-060060,normal_baseline,
evt-060107,normal_baseline,
evt-060154,normal_baseline,
evt-060202,normal_baseline,
evt-060249,normal_baseline,
evt-060296,normal_baseline,
evt-060344,normal_baseline,
evt-060391,normal_baseline,
evt-060438,normal_baseline,
evt-060486,normal_baseline,
evt-060534,normal_baseline,
evt-060584,normal_baseline,
evt-060633,normal_baseline,
evt-060682,normal_baseline,
evt-060729,normal_baseline,
evt-060776,normal_baseline,
evt-060824,normal_baseline,
evt-060871,normal_baseline,
evt-060918,normal_baseline,
evt-060966,normal_baseline,
evt-061014,normal_baseline,
evt-061061,normal_baseline,
evt-061110,normal_baseline,
evt-061157,normal_baseline,
evt-061206,normal_baseline,
evt-061253,normal_baseline,
evt-061302,normal_baseline,
evt-061349,normal_baseline,
evt-061397,normal_baseline,
evt-061444,normal_baseline,
evt-061491,normal_baseline,
evt-061539,normal_baseline,
evt-061586,normal_baseline,
evt-061634,normal_baseline,
evt-061682,normal_baseline,id-001
evt-061732,normal_baseline,
evt-061779,normal_baseline,
evt-061826,normal_baseline,
evt-061875,normal_baseline,
evt-061922,normal_baseline,
evt-061971,normal_baseline,
evt-062019,normal_baseline,
evt-062066,normal_baseline,
evt-062113,normal_baseline,
evt-062162,normal_baseline,
evt-062209,normal_baseline,
evt-062256,normal_baseline,
evt-062304,normal_baseline,
evt-062352,normal_baseline,
evt-062400,normal_baseline,
evt-062447,normal_baseline,
evt-062494,normal_baseline,
evt-062541,normal_baseline,
evt-062588,normal_baseline,
evt-062635,normal_baseline,
evt-062683,normal_baseline,
evt-062733,normal_baseline,
evt-062780,normal_baseline,
evt-062828,normal_baseline,
evt-062875,normal_baseline,
evt-062922,normal_baseline,
evt-062969,normal_baseline,
evt-063016,normal_baseline,
evt-063063,normal_baseline,
evt-063110,normal_baseline,
evt-063157,normal_baseline,id-007
evt-063204,normal_baseline,
evt-063251,normal_baseline,
evt-063298,normal_baseline,
evt-063348,normal_baseline,
evt-063395,normal_baseline,
evt-063442,normal_baseline,
evt-063489,normal_baseline,
evt-063537,normal_baseline,
evt-063585,normal_baseline,
evt-063632,normal_baseline,
evt-063679,normal_baseline,
evt-063726,normal_baseline,
evt-063773,normal_baseline,
evt-063820,normal_baseline,
evt-063867,normal_baseline,
evt-063915,normal_baseline,
evt-063962,normal_baseline,
evt-064009,normal_baseline,
evt-064057,normal_baseline,
evt-064104,normal_baseline,
evt-064152,normal_baseline,
evt-064200,normal_baseline,
evt-064248,normal_baseline,
evt-064296,normal_baseline,
evt-064344,normal_baseline,
evt-064391,normal_baseline,
evt-064440,normal_baseline,
evt-064487,normal_baseline,
evt-064535,normal_baseline,
evt-064583,normal_baseline,
evt-064630,normal_baseline,
evt-064678,normal_baseline,
evt-064725,normal_baseline,
evt-064773,normal_baseline,
evt-064821,normal_baseline,
evt-064868,normal_baseline,
evt-064915,normal_baseline,
evt-064963,normal_baseline,
evt-065011,normal_baseline,
evt-065058,normal_baseline,
evt-065107,normal_baseline,
evt-065154,normal_baseline,
evt-065201,normal_baseline,
evt-065248,normal_baseline,
evt-065295,normal_baseline,
evt-065342,normal_baseline,
evt-065389,normal_baseline,
evt-065436,normal_baseline,
evt-065483,normal_baseline,
evt-065530,normal_baseline,
evt-065578,normal_baseline,
evt-065625,normal_baseline,
evt-065672,normal_baseline,
evt-065721,normal_baseline,
evt-065770,normal_baseline,
evt-065820,normal_baseline,
evt-065867,normal_baseline,
evt-065915,normal_baseline,
evt-065963,normal_baseline,
evt-066011,normal_baseline,
evt-066059,normal_baseline,
evt-066107,normal_baseline,
evt-066155,normal_baseline,
evt-066203,normal_baseline,
evt-066250,normal_baseline,
evt-066304,normal_baseline,
evt-066351,normal_baseline,
evt-066398,normal_baseline,
evt-066445,normal_baseline,
evt-066492,normal_baseline,
evt-066539,normal_baseline,
evt-066586,normal_baseline,
evt-066633,normal_baseline,
evt-066680,normal_baseline,
evt-066728,normal_baseline,
evt-066775,normal_baseline,
evt-066822,normal_baseline,
evt-066869,normal_baseline,
evt-066916,normal_baseline,
evt-066964,normal_baseline,
evt-067011,normal_baseline,
evt-067058,normal_baseline,
evt-067105,normal_baseline,
evt-067152,normal_baseline,
evt-067199,normal_baseline,
evt-067246,normal_baseline,
evt-067294,normal_baseline,
evt-067341,normal_baseline,
evt-067388,normal_baseline,
evt-067435,normal_baseline,
evt-067483,normal_baseline,
evt-067531,normal_baseline,
evt-067578,normal_baseline,
evt-067625,normal_baseline,
evt-067673,normal_baseline,
evt-067720,normal_baseline,
evt-067769,normal_baseline,
evt-067816,normal_baseline,
evt-067863,normal_baseline,
evt-067910,normal_baseline,
evt-067957,normal_baseline,
evt-068004,normal_baseline,
evt-068051,normal_baseline,
evt-068099,normal_baseline,
evt-068146,normal_baseline,
evt-068194,normal_baseline,
evt-068241,normal_baseline,
evt-068289,normal_baseline,
evt-068336,normal_baseline,
evt-068384,normal_baseline,
evt-068431,normal_baseline,
evt-068478,normal_baseline,
evt-068525,normal_baseline,
evt-068572,normal_baseline,
evt-068619,normal_baseline,
evt-068666,normal_baseline,
evt-068713,normal_baseline,
evt-068761,normal_baseline,
evt-068808,normal_baseline,
evt-068855,normal_baseline,
evt-068902,normal_baseline,
evt-068950,normal_baseline,
evt-068997,normal_baseline,
evt-069044,normal_baseline,
evt-069091,normal_baseline,
evt-069138,normal_baseline,
evt-069185,normal_baseline,
evt-069232,normal_baseline,
evt-069279,normal_baseline,
evt-069326,normal_baseline,
evt-069373,normal_baseline,
evt-069420,normal_baseline,
evt-069468,normal_baseline,
evt-069515,normal_baseline,
evt-069562,normal_baseline,
evt-069609,normal_baseline,
evt-069657,normal_baseline,
evt-069704,normal_baseline,
evt-069751,normal_baseline,
evt-069799,normal_baseline,
evt-069847,normal_baseline,
evt-069895,normal_baseline,
evt-069942,normal_baseline,
evt-069989,normal_baseline,
evt-070036,normal_baseline,
evt-070083,normal_baseline,
evt-070131,normal_baseline,
evt-070178,normal_baseline,
evt-070225,normal_baseline,
evt-070272,normal_baseline,
evt-070319,normal_baseline,
evt-070368,normal_baseline,
evt-070415,normal_baseline,
evt-070462,normal_baseline,
evt-070510,normal_baseline,
evt-070557,normal_baseline,
evt-070604,normal_baseline,
evt-070651,normal_baseline,
evt-070698,normal_baseline,
evt-070745,normal_baseline,
evt-070792,normal_baseline,
evt-070839,normal_baseline,
evt-070886,normal_baseline,
evt-070933,normal_baseline,
evt-070980,normal_baseline,
evt-071028,normal_baseline,
evt-071075,normal_baseline,
evt-071122,normal_baseline,
evt-071169,normal_baseline,
evt-071216,normal_baseline,
evt-071263,normal_baseline,
evt-071310,normal_baseline,
evt-071357,normal_baseline,
evt-071404,normal_baseline,
evt-071451,normal_baseline,
evt-071499,normal_baseline,
evt-071546,normal_baseline,
evt-071593,normal_baseline,
evt-071640,normal_baseline,
evt-071687,normal_baseline,
evt-071734,normal_baseline,
evt-071782,normal_baseline,
evt-071829,normal_baseline,
evt-071876,normal_baseline,
evt-071923,normal_baseline,
evt-071971,normal_baseline,
evt-072018,normal_baseline,
evt-072067,normal_baseline,
evt-072114,normal_baseline,
evt-072161,normal_baseline,
evt-072208,normal_baseline,
evt-072255,normal_baseline,
evt-072302,normal_baseline,
evt-072350,normal_baseline,
evt-072398,normal_baseline,
evt-072446,normal_baseline,
evt-072494,normal_baseline,
evt-072541,normal_baseline,
evt-072588,normal_baseline,
evt-072637,normal_baseline,
evt-072685,normal_baseline,
evt-072733,normal_baseline,
evt-072780,normal_baseline,
evt-072828,normal_baseline,
evt-072876,normal_baseline,
evt-072924,normal_baseline,
evt-072973,normal_baseline,
evt-073020,normal_baseline,
evt-073068,normal_baseline,
evt-073116,normal_baseline,
evt-073163,normal_baseline,
evt-073210,normal_baseline,
evt-073257,normal_baseline,
evt-073305,normal_baseline,
evt-073352,normal_baseline,
evt-073399,normal_baseline,
evt-073446,normal_baseline,
evt-073493,normal_baseline,
evt-073540,normal_baseline,
evt-073587,normal_baseline,
evt-073634,normal_baseline,id-008
evt-073681,normal_baseline,
evt-073729,normal_baseline,
evt-073776,normal_baseline,
evt-073823,normal_baseline,
evt-073870,normal_baseline,
evt-073917,normal_baseline,
evt-073965,normal_baseline,
evt-074012,normal_baseline,
evt-074059,normal_baseline,
evt-074106,normal_baseline,
evt-074153,normal_baseline,
evt-074200,normal_baseline,
evt-074247,normal_baseline,
evt-074294,normal_baseline,
evt-074341,normal_baseline,
evt-074388,normal_baseline,
evt-074435,normal_baseline,
evt-074482,normal_baseline,
evt-074529,normal_baseline,
evt-074576,normal_baseline,
evt-074623,normal_baseline,
evt-074670,normal_baseline,
evt-074717,normal_baseline,
evt-074764,normal_baseline,
evt-074811,normal_baseline,
evt-074858,normal_baseline,
evt-074905,normal_baseline,
evt-074952,normal_baseline,
evt-074999,normal_baseline,
evt-075046,normal_baseline,
evt-075094,normal_baseline,
evt-075141,normal_baseline,
evt-075188,normal_baseline,
evt-075236,normal_baseline,
evt-075283,normal_baseline,
evt-075330,normal_baseline,
evt-075377,normal_baseline,
evt-075424,normal_baseline,
evt-075472,normal_baseline,
evt-075519,normal_baseline,
evt-075566,normal_baseline,
evt-075613,normal_baseline,
evt-075660,normal_baseline,
evt-075707,normal_baseline,
evt-075754,normal_baseline,
evt-075801,normal_baseline,
evt-075848,normal_baseline,
evt-075896,normal_baseline,
evt-075944,normal_baseline,
evt-075991,normal_baseline,
evt-076039,normal_baseline,
evt-076086,normal_baseline,
evt-076134,normal_baseline,
evt-076181,normal_baseline,
evt-076229,normal_baseline,
evt-076278,normal_baseline,
evt-076326,normal_baseline,
evt-076373,normal_baseline,
evt-076422,normal_baseline,
evt-076469,normal_baseline,
evt-076517,normal_baseline,
evt-076565,normal_baseline,
evt-076612,normal_baseline,
evt-076660,normal_baseline,
evt-076665,impossible_travel,it-005
evt-076709,normal_baseline,
evt-076757,normal_baseline,
evt-076804,normal_baseline,
evt-076852,normal_baseline,
evt-076899,normal_baseline,
evt-076946,normal_baseline,
evt-076993,normal_baseline,id-021
evt-077041,normal_baseline,
evt-077088,normal_baseline,
evt-077135,normal_baseline,
evt-077182,normal_baseline,
evt-077230,normal_baseline,id-011
evt-077277,normal_baseline,
evt-077333,normal_baseline,
evt-077383,normal_baseline,
evt-077432,normal_baseline,
evt-077479,normal_baseline,
evt-077526,normal_baseline,
evt-077573,normal_baseline,
evt-077620,normal_baseline,
evt-077667,normal_baseline,
evt-077714,normal_baseline,
evt-077761,normal_baseline,
evt-077808,normal_baseline,
evt-077856,normal_baseline,
evt-077904,normal_baseline,
evt-077951,normal_baseline,
evt-077999,normal_baseline,
evt-078046,normal_baseline,
evt-078095,normal_baseline,
evt-078142,normal_baseline,
evt-078189,normal_baseline,
evt-078236,normal_baseline,
evt-078283,normal_baseline,
evt-078330,normal_baseline,
evt-078377,normal_baseline,
evt-078424,normal_baseline,
evt-078471,normal_baseline,
evt-078518,normal_baseline,
evt-078566,normal_baseline,
evt-078613,normal_baseline,
evt-078660,normal_baseline,
evt-078708,normal_baseline,
evt-078755,normal_baseline,
evt-078802,normal_baseline,
evt-078849,normal_baseline,
evt-078896,normal_baseline,
evt-078943,normal_baseline,
evt-078990,normal_baseline,
evt-079037,normal_baseline,
evt-079084,normal_baseline,
evt-079131,normal_baseline,
evt-079178,normal_baseline,
evt-079225,normal_baseline,
evt-079272,normal_baseline,
evt-079319,normal_baseline,
evt-079366,normal_baseline,
evt-079413,normal_baseline,
evt-079460,normal_baseline,
evt-079508,normal_baseline,
evt-079555,normal_baseline,
evt-079603,normal_baseline,
evt-079650,normal_baseline,
evt-079697,normal_baseline,
evt-079744,normal_baseline,
evt-079791,normal_baseline,
evt-079839,normal_baseline,
evt-079886,normal_baseline,
evt-079933,normal_baseline,
evt-079980,normal_baseline,
evt-080027,normal_baseline,
evt-080074,normal_baseline,
evt-080127,normal_baseline,
evt-080182,normal_baseline,
evt-080237,normal_baseline,
evt-080293,normal_baseline,
evt-080345,normal_baseline,
evt-080392,normal_baseline,
evt-080439,normal_baseline,
evt-080486,normal_baseline,
evt-080533,normal_baseline,
evt-080580,normal_baseline,
evt-080627,normal_baseline,
evt-080674,normal_baseline,
evt-080721,normal_baseline,
evt-080768,normal_baseline,
evt-080815,normal_baseline,
evt-080862,normal_baseline,
evt-080909,normal_baseline,
evt-080956,normal_baseline,
evt-081003,normal_baseline,id-025
evt-081050,normal_baseline,
evt-081097,normal_baseline,
evt-081144,normal_baseline,
evt-081191,normal_baseline,
evt-081238,normal_baseline,
evt-081285,normal_baseline,
evt-081332,normal_baseline,
evt-081379,normal_baseline,
evt-081426,normal_baseline,
evt-081473,normal_baseline,
evt-081520,normal_baseline,
evt-081567,normal_baseline,
evt-081614,normal_baseline,
evt-081661,normal_baseline,
evt-081708,normal_baseline,
evt-081755,normal_baseline,
evt-081802,normal_baseline,
evt-081849,normal_baseline,
evt-081896,normal_baseline,
evt-081943,normal_baseline,
evt-081990,normal_baseline,
evt-082037,normal_baseline,
evt-082084,normal_baseline,
evt-082131,normal_baseline,
evt-082179,normal_baseline,
evt-082226,normal_baseline,
evt-082275,normal_baseline,
evt-082323,normal_baseline,
evt-082370,normal_baseline,
evt-082417,normal_baseline,
evt-082464,normal_baseline,
evt-082511,normal_baseline,
evt-082558,normal_baseline,
evt-082605,normal_baseline,
evt-082652,normal_baseline,
evt-082699,normal_baseline,
evt-082746,normal_baseline,
evt-082793,normal_baseline,
evt-082840,normal_baseline,
evt-082887,normal_baseline,id-020
evt-082890,impossible_travel,it-002
evt-082936,normal_baseline,
evt-082978,device_spoofing,ds-001
evt-082984,normal_baseline,
evt-083032,normal_baseline,
evt-083070,impossible_travel,it-001
evt-083080,normal_baseline,
evt-083128,normal_baseline,
evt-083134,impossible_travel,it-002
evt-083177,normal_baseline,
evt-083213,impossible_travel,it-001
evt-083225,normal_baseline,
evt-083272,normal_baseline,id-022
evt-083281,device_spoofing,ds-001
evt-083321,normal_baseline,
evt-083348,impossible_travel,it-001
evt-083369,normal_baseline,
evt-083417,normal_baseline,
evt-083464,normal_baseline,
evt-083488,device_spoofing,ds-001
evt-083513,normal_baseline,
evt-083562,normal_baseline,
evt-083609,normal_baseline,
evt-083657,normal_baseline,
evt-083706,normal_baseline,
evt-083754,normal_baseline,
evt-083801,normal_baseline,
evt-083850,normal_baseline,
evt-083897,device_spoofing,ds-001
evt-083899,normal_baseline,
evt-083946,normal_baseline,
evt-083990,device_spoofing,ds-001
evt-083994,normal_baseline,
evt-084041,normal_baseline,
evt-084088,normal_baseline,
evt-084111,device_spoofing,ds-001
evt-084136,normal_baseline,
evt-084183,normal_baseline,
evt-084230,normal_baseline,
evt-084266,device_spoofing,ds-001
evt-084278,normal_baseline,
evt-084325,normal_baseline,
evt-084372,normal_baseline,
evt-084393,device_spoofing,ds-001
evt-084420,normal_baseline,
evt-084467,normal_baseline,
evt-084514,normal_baseline,
evt-084561,normal_baseline,
evt-084608,normal_baseline,
evt-084656,normal_baseline,
evt-084704,normal_baseline,
evt-084752,normal_baseline,
evt-084800,normal_baseline,
evt-084848,normal_baseline,
evt-084895,normal_baseline,
evt-084942,normal_baseline,
evt-084989,normal_baseline,
evt-085036,normal_baseline,
evt-085083,normal_baseline,
evt-085130,normal_baseline,
evt-085177,normal_baseline,
evt-085224,normal_baseline,
evt-085272,normal_baseline,
evt-085320,normal_baseline,
evt-085368,normal_baseline,
evt-085417,normal_baseline,
evt-085464,normal_baseline,
evt-085511,normal_baseline,
evt-085558,normal_baseline,
evt-085605,normal_baseline,
evt-085652,normal_baseline,
evt-085699,normal_baseline,
evt-085746,normal_baseline,
evt-085793,normal_baseline,
evt-085840,normal_baseline,
evt-085887,normal_baseline,
evt-085934,normal_baseline,
evt-085981,normal_baseline,
evt-086028,normal_baseline,
evt-086075,normal_baseline,
evt-086122,normal_baseline,
evt-086169,normal_baseline,
evt-086216,normal_baseline,
evt-086263,normal_baseline,
evt-086310,normal_baseline,
evt-086357,normal_baseline,
evt-086404,normal_baseline,
evt-086451,normal_baseline,
evt-086498,normal_baseline,
evt-086545,normal_baseline,
evt-086592,normal_baseline,
evt-086639,normal_baseline,
evt-086687,normal_baseline,
evt-086734,normal_baseline,
evt-086782,normal_baseline,
evt-086829,normal_baseline,
evt-086877,normal_baseline,
evt-086924,normal_baseline,
evt-086971,normal_baseline,id-007
evt-087018,normal_baseline,
evt-087065,normal_baseline,
evt-087112,normal_baseline,
evt-087159,normal_baseline,
evt-087206,normal_baseline,
evt-087253,normal_baseline,
evt-087300,normal_baseline,
evt-087347,normal_baseline,
evt-087394,normal_baseline,
evt-087441,normal_baseline,
evt-087488,normal_baseline,
evt-087535,normal_baseline,
evt-087550,impossible_travel,it-003
evt-087583,normal_baseline,
evt-087630,normal_baseline,
evt-087677,normal_baseline,
evt-087724,normal_baseline,
evt-087771,normal_baseline,
evt-087818,normal_baseline,
evt-087865,normal_baseline,
evt-087912,normal_baseline,
evt-087959,normal_baseline,
evt-088006,normal_baseline,
evt-088053,normal_baseline,
evt-088100,normal_baseline,
evt-088147,normal_baseline,
evt-088194,normal_baseline,
evt-088241,normal_baseline,
evt-088289,normal_baseline,
evt-088336,normal_baseline,
evt-088383,normal_baseline,
evt-088430,normal_baseline,
evt-088478,normal_baseline,
evt-088526,normal_baseline,
evt-088573,normal_baseline,
evt-088620,normal_baseline,
evt-088667,normal_baseline,
evt-088714,normal_baseline,
evt-088761,normal_baseline,
evt-088808,normal_baseline,
evt-088855,normal_baseline,
evt-088902,normal_baseline,
evt-088949,normal_baseline,
evt-088996,normal_baseline,
evt-089043,normal_baseline,
evt-089137,normal_baseline,
evt-089184,normal_baseline,
evt-089231,normal_baseline,
evt-089279,normal_baseline,
evt-089327,normal_baseline,
evt-089374,normal_baseline,
evt-089422,normal_baseline,
